<?xml version="1.0" encoding="UTF-8"?>
<infoList vendor="NXP">&#x0A;<info chip="MK64FN1M0xxx12" name="MK64FN1M0xxx12">&#x0A;<chip>&#x0A;<name>MK64FN1M0xxx12</name>&#x0A;<family>K6x</family>&#x0A;<vendor>NXP</vendor>&#x0A;<memory can_program="true" id="Flash" is_ro="true" size="1024" type="Flash"/>&#x0A;<memory id="RAM" size="256" type="RAM"/>&#x0A;<memoryInstance derived_from="Flash" driver="FTFE_4K.cfx" id="PROGRAM_FLASH" location="0x0" size="0x100000"/>&#x0A;<memoryInstance derived_from="RAM" id="SRAM_UPPER" location="0x20000000" size="0x30000"/>&#x0A;<memoryInstance derived_from="RAM" id="SRAM_LOWER" location="0x1fff0000" size="0x10000"/>&#x0A;<memoryInstance derived_from="RAM" id="FLEX_RAM" location="0x14000000" size="0x1000"/>&#x0A;</chip>&#x0A;<processor>&#x0A;<name gcc_name="cortex-m4">Cortex-M4</name>&#x0A;<family>Cortex-M</family>&#x0A;</processor>&#x0A;</info>&#x0A;</infoList>
